{
  "seed_offset": 101,
  "n_steps": 11,
  "robustness": 0.0,
  "is_failure": true,
  "metrics": {
    "success": 0.0,
    "min_distance": 5.000008417854578,
    "avg_speed_ratio": 0.9699442747013404,
    "jerk_score": 1.7305036980054602,
    "brake_severity": 1.4889155101992855,
    "lane_changes": 0,
    "on_road_frac": 1.0,
    "cumulative_reward": 10.166666666666666
  },
  "actions": [
    3,
    3,
    1,
    3,
    1,
    1,
    3,
    3,
    3,
    3,
    3
  ],
  "available_actions": [
    [
      1,
      3,
      4
    ],
    [
      1,
      4
    ],
    [
      1,
      0,
      4
    ],
    [
      1,
      0,
      4
    ],
    [
      1,
      0,
      4
    ],
    [
      1,
      0,
      4
    ],
    [
      1,
      4
    ],
    [
      1,
      4
    ],
    [
      1,
      4
    ],
    [
      1,
      4
    ],
    [
      1,
      4
    ]
  ],
  "obs_noise": {
    "position_x": [
      2.9418344638543203e-05,
      -0.006053206045180559,
      -0.002010849304497242,
      0.0030917837284505367
    ],
    "position_y": [
      -0.000855043763294816,
      -0.005842085462063551,
      0.010280502960085869,
      -0.012663977220654488
    ],
    "velocity_x": [
      0.059866540133953094,
      0.09482507407665253,
      -0.06586384028196335,
      -0.0817272812128067
    ],
    "velocity_y": [
      -0.0018635818269103765,
      -0.045368265360593796,
      -0.07862693071365356,
      -0.02464267425239086
    ]
  },
  "sensitivities": [
    0.1955779718954102,
    0.11001931694487058,
    0.08254120215081312,
    0.09452946329241259,
    0.10447132936228427,
    0.0911434550969864,
    0.08312223552033145,
    0.07968629032345188,
    0.08307410344744713,
    0.0828335525617745,
    0.08018268564690381
  ],
  "shapley_values": [
    0.16189178346472327,
    0.019577010778737337,
    0.06021459971523847,
    0.08660400005522614,
    0.01855441930857069,
    0.064694889124326,
    0.09228806033991939,
    0.09477820639840404,
    0.04262959431642742,
    0.02975306840971904,
    0.02121798417539735
  ]
}